raw_name_translated,url,title
Lungs	https://loinc.org/19862-2/	LOINC 19862-2 — Total lung capacity
Inj.medic. under fluoro in purse or artic.m.inf	https://loinc.org/	LOINC: Home
Pelvic CT scan with contrast	https://loinc.org/24866-6/	LOINC 24866-6 — CT Pelvis W contrast IV
Chest CT without and with contrast	https://loinc.org/29252-4/	LOINC 29252-4 — CT Chest WO contrast
Surface echo (other region)	https://loinc.org/	LOINC: Home
Angio drainage hit. transhep. Biliary	https://loinc.org/	LOINC: Home
CT of chest and abdomen without contrast	https://loinc.org/79098-0/	LOINC 79098-0 — CT Chest and Abdomen and Pelvis 3D ...
CT lower right limb without contrast	https://loinc.org/36288-9/	LOINC 36288-9 — CT Lower extremity WO and W contrast IV
Facet block 4 sites	https://loinc.org/	LOINC: Home
1st catheterized vessel embolization	https://loinc.org/78949-5/	LOINC 78949-5 — Catheterization and angiography ...
CT cervical spine with contrast	https://loinc.org/30592-0/	LOINC 30592-0 — CT Cervical spine WO contrast
Carotid ANGIO CT with contrast (2 manip.)	https://loinc.org/36146-9/	LOINC 36146-9 — CTA Carotid artery W contrast IV
CRID form	https://loinc.org/kb/license/	Knowledge Base – LOINC
Angio catheter insertion and injection	https://loinc.org/62450-2/	LOINC 62450-2 — RF Guidance for placement of catheter in ...
Unilateral percutaneous nephrostomy (PCS)	https://loinc.org/24779-1/	LOINC 24779-1 — RF Guidance for percutaneous placement ...
Echo Biopsy / hepatic cytology	https://loinc.org/69125-3/	LOINC 69125-3 — Deprecated RF Guidance for needle ...
Percutaneous angio gastrostomy	https://loinc.org/24996-1/	LOINC 24996-1 — RF Guidance for percutaneous ...
Mammo by inc.compl. (profile, ax ...) Diagnostic	https://loinc.org/	LOINC: Home
Second right toe	https://loinc.org/38148-3/	LOINC 38148-3 — XR Toe second - right Views
Hail	https://loinc.org/	LOINC: Home
Angioplasty inst. graft aorta stent graft	https://www.ahajournals.org/doi/10.1161/CIRCULATIONAHA.114.006512	Percutaneous Interventions in Aortic Disease | Circulation
Left femur	https://loinc.org/	LOINC: Home
MRI col. cervical and dorsal C- and C +	https://loinc.org/18726-0/	LOINC 18726-0 — Radiology studies (set)
CT neck without and with contrast	https://loinc.org/36514-8/	LOINC 36514-8 — CT Neck WO contrast
Infil. med. muscle / capsule / sheath / tendon / fascia ms	https://loinc.org/	LOINC: Home
Left knee and / or patella	https://loinc.org/LP30162-9/	LOINC LP30162-9 — Patella
Hospital patient monitoring procedure	https://loinc.org/	LOINC: Home
Reactive hyperthermia doppler	https://loinc.org/30881-7/	LOINC 30881-7 — US.doppler Lower extremity vein
CT neck without contrast	https://loinc.org/36514-8/	LOINC 36514-8 — CT Neck WO contrast
Right knee and / or patella	https://loinc.org/	LOINC: Home
Angio biliary stent implantation	https://loinc.org/LG41823-2/	LOINC LG41823-2 — Region imaged: Abdomen
Echo obst. 0 to 12 weeks. 1 fetus endo route without cl.n.	https://cdn2.hubspot.net/hubfs/3454598/Webinars%20/Billing-And-Coding-Webinars/vRadWebinarSlides-Obstetrical-And-Non-Obstetrical-Pelvic-US-Exams.pdf	Obstetrical and Non-Obstetrical Pelvic Ultrasound ... - HubSpot
Angio drainage cyst or limb abscess	https://loinc.org/42133-9/	LOINC 42133-9 — US Guidance for drainage of abscess and ...
Sinus CT scan with contrast	https://loinc.org/36529-6/	LOINC 36529-6 — CT Sinuses WO contrast
Cephalometry	https://loinc.org/	LOINC: Home
Enlargement breast D by mass 35-49 and 70 and +	https://loinc.org/42174-3/	LOINC 42174-3 — FFD mammogram Breast - bilateral ...
Image manipulation of C + joints	https://loinc.org/	LOINC: Home
Retrograde or antegrade pyelography (SOP)	https://www.hopkinsmedicine.org/health/treatment-tests-and-therapies/antegrade-pyelogram	Antegrade Pyelogram | Johns Hopkins Medicine
Echo obst. 0 to 12 weeks trans and endo	https://pubs.acs.org/doi/10.1021/acs.chemrev.5b00705	Long-Chain Aliphatic Polymers To Bridge the Gap between ...
MRI internal auditory canals without contrast	https://loinc.org/43769-9/	LOINC 43769-9 — MR Brain and Internal auditory canal WO ...
Doppler conveyor belt	https://loinc.org/39504-6/	LOINC 39504-6 — US.doppler Femoral vessels - right
CT lower right limb without contrast	https://loinc.org/36288-9/	LOINC 36288-9 — CT Lower extremity WO and W contrast IV
Right elbow	https://loinc.org/26111-5/	LOINC 26111-5 — XR Elbow - right Views
MRI abdomen with contrast	https://loinc.org/30668-8/	LOINC 30668-8 — MR Abdomen WO contrast
Second left toe	https://loinc.org/37534-5/	LOINC 37534-5 — XR Toe second - left Views
MRI neck without and with contrast	https://loinc.org/82130-6/	LOINC 82130-6 — MR Face and Neck WO contrast
Voiding cystography	https://loinc.org/43559-4/	LOINC 43559-4 — RF Urinary bladder and Urethra Views W ...
Radiofreq thermoablation or cryablation -1st target	https://aspe.hhs.gov/system/files/pdf/259016/wht-crn-final-reoprt-to-aspe.pdf	the women's health technologies coordinated registry network ...
Right leg	https://loinc.org/	LOINC: Home
Selective angio aortic bundle	https://loinc.org/	LOINC: Home
Endoprosthesis other than vascular	https://loinc.org/	LOINC: Home
Angioplasty inst. vascular endoprosthesis	https://loinc.org/78980-0/	LOINC 78980-0 — Angioplasty balloon product name
Echo abd. and pelv. of the urg. or hosp.	https://loinc.org/87862-9/	LOINC 87862-9 — CT Abdomen WO and CT Abdomen and ...
Sacrum	https://loinc.org/44179-0/	LOINC 44179-0 — XR Sacrum and Coccyx 2 Views
Right ring finger -4th finger	https://loinc.org/LP29978-1/	LOINC LP29978-1 — Finger
MRI left upper limb without contrast	https://loinc.org/38831-4/	LOINC 38831-4 — MR Upper extremity - left WO and W ...
Selective left carotid angio	https://loinc.org/37589-9/	LOINC 37589-9 — RFA Common carotid artery - left Views W ...
Bone age - hands and others	https://loinc.org/85151-9/	LOINC 85151-9 — XR Bone age
Right forearm	https://loinc.org/LP7249-8/	LOINC LP7249-8 — Forearm
CT ANGIO head C- and C + (2 manip.)	https://loinc.org/90352-6/	LOINC 90352-6 — CT Head and CT Brain for perfusion and ...
Peripheral venous doppler single lower limb	https://loinc.org/30881-7/	LOINC 30881-7 — US.doppler Lower extremity vein
Lumbar puncture angio	https://loinc.org/87088-1/	LOINC 87088-1 — Guidance for puncture of Lumbar spine
Image manipulation 3 quarters of an hour	https://hl7.org/fhir/2017Jan/v3/ObservationType/vs.html	ObservationType - FHIR v1.8.0 - HL7.org
Transhepatic cholangiography	https://loinc.org/	LOINC: Home
Angio Biopsy / Bone cytology	https://loinc.org/66119-9/	LOINC 66119-9 — Bone marrow Pathology biopsy report ...
Complete abdominal and pelvic echo	https://loinc.org/18726-0/	LOINC 18726-0 — Radiology studies (set)
MRI col. lumbar without contrast	https://loinc.org/30679-5/	LOINC 30679-5 — MR Lumbar spine WO contrast
Basin -2 incidences	https://cord.distantreader.org/carrels/test-small/etc/reader.txt	key: cord- -u a pav authors: richards, g p title: enteric virus ...
Cancellation of examination with report	https://loinc.org/kb/license/	Knowledge Base – LOINC
Mammo setting up harpoon right breast	https://loinc.org/86359-7/	LOINC 86359-7 — Diagnostic mammogram and ultrasound ...
Third right toe	https://loinc.org/	LOINC: Home
Percutaneous cholecystostomy for external drainage	https://www.ncbi.nlm.nih.gov/pmc/articles/PMC5088094/	Biliary Interventions: Percutaneous Cholecystostomy ... - NCBI
Left mammogram DIAGNOSIS	https://loinc.org/26347-5/	LOINC 26347-5 — MG Breast - left Diagnostic
Renal doppler (uni or bilateral)	https://loinc.org/86414-0/	LOINC 86414-0 — RFA Renal arteries - unilateral Views W ...
MRI col. dorsal and lumbar without contrast	https://loinc.org/30679-5/	LOINC 30679-5 — MR Lumbar spine WO contrast
Facet block 5 sites	https://loinc.org/	LOINC: Home
CT virtual colonoscopy (PA and PA)	https://loinc.org/72531-7/	LOINC 72531-7 — CT Colon and Rectum W contrast IV and W ...
CT cai or mastoids without contrast	https://loinc.org/30799-1/	LOINC 30799-1 — CT Head WO contrast
Mammo radio biopsy piece	https://loinc.org/39154-0/	LOINC 39154-0 — FFD mammogram Breast - bilateral ...
Right and left hemithorax	https://loinc.org/	LOINC: Home
MRI Angio head without contrast (1 manip.)	https://loinc.org/36857-1/	LOINC 36857-1 — MRA Head vessels WO and W contrast IV
Abdominal echo for inflammatory disease	https://loinc.org/	LOINC: Home
Simple abdomen	https://loinc.org/80271-0/	LOINC 80271-0 — Physical findings of Abdomen by Palpation
Left shoulder	https://loinc.org/26383-0/	LOINC 26383-0 — XR Shoulder - left 3 Views
Angio exerese catheters other than Port-a-cath	https://loinc.org/	LOINC: Home
MRI col. lumbar without and with contrast	https://loinc.org/30679-5/	LOINC 30679-5 — MR Lumbar spine WO contrast
Left ankle	https://loinc.org/60698-8/	LOINC 60698-8 — Isolated left ankle movement [TIMP]
Skeletal study -pediatrics	https://loinc.org/38269-7/	LOINC 38269-7 — Study report Skeletal system DXA
Echo borderline examination (poplite cyst, tear ...)	https://loinc.org/	LOINC: Home
MRI breasts without and with contrast	https://loinc.org/36277-2/	LOINC 36277-2 — MR Breast - bilateral WO and W contrast IV
Unilateral tomosynthesis with tomo	https://loinc.org/86462-9/	LOINC 86462-9 — DBT Breast - unilateral
MRI prostate without and with contrast	https://loinc.org/36389-5/	LOINC 36389-5 — MR Prostate WO and W contrast IV
Scopy Joint puncture or bursa	https://loinc.org/	LOINC: Home
Chest echo drainage	https://loinc.org/	LOINC: Home
CT of the sacroiliac joints without contrast	https://loinc.org/36501-5/	LOINC 36501-5 — CT Sacroiliac Joint WO contrast
Unilateral tomosynthesis (basic examination)	https://loinc.org/86462-9/	LOINC 86462-9 — DBT Breast - unilateral
Right hemithorax	https://loinc.org/	LOINC: Home
Crane 4 or more bearings	https://loinc.org/	LOINC: Home
Scopy 15 minutes WITHOUT IMAGE (+ 07-11 as needed)	https://loinc.org/	LOINC: Home
Selective renal angio	https://loinc.org/86414-0/	LOINC 86414-0 — RFA Renal arteries - unilateral Views W ...
Bilateral mammogram DIAGNOSIS	https://loinc.org/39154-0/	LOINC 39154-0 — FFD mammogram Breast - bilateral ...
Ureteral dilatation unilat./inst. double J (SOP)	https://loinc.org/	LOINC: Home
Peripheral angio arterio	https://loinc.org/8893-0/	LOINC 8893-0 — Heart rate Peripheral artery by palpation
Peripheral arterial doppler single lower limb.	https://loinc.org/39421-3/	LOINC 39421-3 — US.doppler Lower extremity artery - bilateral
CT Bone biopsy / cytology	https://loinc.org/43567-7/	LOINC 43567-7 — CT Guidance for deep biopsy of Bone
Mammo by inc.compl. (profile, ax ...) PQDCS	https://loinc.org/LL3198-0/	LOINC LL3198-0 — High risk|Intermediate risk|Low risk ...
MRI col. dorsal and lumbar C- and C +	https://loinc.org/38061-8/	LOINC 38061-8 — MR Spine Cervical and Spine Thoracic ...
Mammo positioning harpoon left breast	https://loinc.org/42169-3/	LOINC 42169-3 — FFD mammogram Breast - left Diagnostic
Back column	https://loinc.org/get-started/loinc-term-basics/	LOINC Term Basics – LOINC
Echo obst. 0 to 12 weeks multiple pregnancy study	https://loinc.org/80836-0/	LOINC 80836-0 — US for multiple gestation pregnancy in ...
Left middle finger - 3rd finger	https://loinc.org/37524-6/	LOINC 37524-6 — XR Finger third - left Views
Tomography	https://loinc.org/24725-4/	LOINC 24725-4 — CT Head
Right little finger -5th finger	https://loinc.org/8562-1/	LOINC 8562-1 — Little finger arteries - right Systolic blood ...
Percutane angio drainage ext. Biliary	https://loinc.org/	LOINC: Home
MRI pelvis or pelvis without and with contrate	https://loinc.org/18726-0/	LOINC 18726-0 — Radiology studies (set)
Selective right carotid angio	https://loinc.org/37590-7/	LOINC 37590-7 — RFA Common carotid artery - right Views ...
Assessment of the lower limbs (goniometry)	https://loinc.org/	LOINC: Home
Cine deglutition -pharynx and esophagus	https://www.science.gov/topicpages/a/anatomic+subsites+results	anatomic subsites results: Topics by Science.gov
Eye searching for foreign bodies	https://loinc.org/25073-8/	LOINC 25073-8 — RFA Guidance for removal of foreign body ...
Additional bilateral NA images	https://loinc.org/	LOINC: Home
Facet block 3 sites	https://loinc.org/	LOINC: Home
Angio-drainage cyst or abdominal abscess	https://loinc.org/35884-6/	LOINC 35884-6 — CT Guidance for drainage of abscess and ...
C- joint image manipulation	https://loinc.org/	LOINC: Home
MRI rectum without and with contrast	https://loinc.org/72531-7/	LOINC 72531-7 — CT Colon and Rectum W contrast IV and W ...
Lumbar spine CT with contrast	https://loinc.org/79081-6/	LOINC 79081-6 — CT Lumbar spine by reconstruction WO ...
MRI left lower limb without contrast	https://loinc.org/44128-7/	LOINC 44128-7 — MRA Lower extremity vessels WO and W ...
Single-contrast barium enema	https://loinc.org/44227-7/	LOINC 44227-7 — RF Colon Views W barium contrast PR
Left thumb -1st finger	https://loinc.org/65696-7/	LOINC 65696-7 — Finger taps - left [UPDRS]
Arthro and right shoulder infiltration	https://loinc.org/	LOINC: Home
Sternum	https://loinc.org/LP30315-3/	LOINC LP30315-3 — Sternum
Right Femur	https://loinc.org/37690-5/	LOINC 37690-5 — XR Femur - right 2 Views
Echo obst. 13 weeks and more - 1 fetus	https://loinc.org/11449-6/	LOINC 11449-6 — Pregnancy status - Reported
Contrast abdomen and pelvic CT	https://loinc.org/36813-4/	LOINC 36813-4 — CT Abdomen and Pelvis W contrast IV
CT orbits with contrast	https://loinc.org/89845-2/	LOINC 89845-2 — CT Head and Orbit - bilateral WO and W ...
Echo left breast (including armpit)	https://loinc.org/42169-3/	LOINC 42169-3 — FFD mammogram Breast - left Diagnostic
Echo abd. and pelv. for appendicitis and research	https://loinc.org/	LOINC: Home
CT upper left limb without contrast	https://loinc.org/36336-6/	LOINC 36336-6 — CT Upper extremity - right WO and W ...
Localized peripheral doppler / frequency analysis	https://loinc.org/30881-7/	LOINC 30881-7 — US.doppler Lower extremity vein
MRI head without and with contrast	https://loinc.org/24587-8/	LOINC 24587-8 — MR Brain WO and W contrast IV
MRI col. cervical without contrast	https://loinc.org/18726-0/	LOINC 18726-0 — Radiology studies (set)
Right index finger -2nd finger	https://loinc.org/24706-4/	LOINC 24706-4 — XR Finger Views
CT cyst or abdominal abscess drainage	https://loinc.org/35884-6/	LOINC 35884-6 — CT Guidance for drainage of abscess and ...
MRI col. cervico-dorso-lumbar C-	https://loinc.org/18726-0/	LOINC 18726-0 — Radiology studies (set)
MRI col. cervical without and with contrast	https://loinc.org/18726-0/	LOINC 18726-0 — Radiology studies (set)
MRI right knee without contrast	https://loinc.org/18726-0/	LOINC 18726-0 — Radiology studies (set)
Chest MRI without and with contrast	https://loinc.org/91525-6/	LOINC 91525-6 — MR Chest and Abdomen and Pelvis WO ...
CT pulmonary embolism (1 manip.)	https://loinc.org/88322-3/	LOINC 88322-3 — CT Chest W contrast IV and CT angiogram ...
CT lower right limb with contrast	https://loinc.org/36540-3/	LOINC 36540-3 — CT Lower leg - right WO contrast
Echo eval. growth retardation -1 fetus 25 weeks and +		
TDM ANGIO upper limb (2 manip.)	https://loinc.org/36786-2/	LOINC 36786-2 — MRA Upper extremity veins - left
Venous doppler superior bilateral study	https://loinc.org/39496-5/	LOINC 39496-5 — US.doppler Upper extremity vein - bilateral
CE Rech and local Foreign body	https://www.fda.gov/industry/structured-product-labeling-resources/section-headings-loinc	Section Headings (LOINC) | FDA
Right and left breast echo (including armpit)	https://loinc.org/46354-7/	LOINC 46354-7 — FFD mammogram Breast - right Screening
Obstetric echo 32 to 35 weeks	https://loinc.org/	LOINC: Home
CT ANGIO lower limb (2 manip.)	https://loinc.org/89626-6/	LOINC 89626-6 — CTA Abdominal, Pelvis and Lower ...
Full abdominal echo	https://loinc.org/30704-1/	LOINC 30704-1 — US Abdomen limited
Sphincterotomy	https://loinc.org/	LOINC: Home
MRI Angio head and neck C- (1 manip.)	https://loinc.org/36857-1/	LOINC 36857-1 — MRA Head vessels WO and W contrast IV
Mammo screening 50-69 years PQDCS	https://loinc.org/24606-6/	LOINC 24606-6 — MG Breast Screening
Thoracic ANGIO CT (2 manip.)	https://loinc.org/87847-0/	LOINC 87847-0 — CT Chest WO and CT angiogram Coronary ...
Right shoulder blade	https://loinc.org/LP7584-8/	LOINC LP7584-8 — Shoulder
MRI left lower limb without and with contrast	https://loinc.org/36539-5/	LOINC 36539-5 — MR Lower leg - left WO contrast
Echo obst. 0 to 12 weeks endovaginal	https://loinc.org/11778-8/	LOINC 11778-8 — Delivery date Estimated
Bilateral ureteral dilation / inst. double J	https://loinc.org/	LOINC: Home
Right breast trocar biopsy echo	https://loinc.org/30651-4/	LOINC 30651-4 — US Guidance for percutaneous biopsy.core ...
First left toe	https://loinc.org/71585-4/	LOINC 71585-4 — Exam finding location Extremity NEMSIS
Facet block 2 sites	https://loinc.org/	LOINC: Home
Sinus 3 incidences or less	https://loinc.org/sars-coronavirus-2/	Guidance for mapping to SARS-CoV-2 LOINC terms – LOINC
CT abdomen without contrast	https://loinc.org/36424-0/	LOINC 36424-0 — CT Abdomen WO contrast
Left elbow	https://loinc.org/41826-9/	LOINC 41826-9 — XR Elbow - left Limited Views
MRI left shoulder without and with contrast	https://loinc.org/38834-8/	LOINC 38834-8 — MR Shoulder - left WO contrast
Scopy 15 minutes WITHOUT IMAGE (+ 07-11 if necessary)	https://loinc.org/	LOINC: Home
Effortless heart ultrasound	https://loinc.org/	LOINC: Home
Fourth right toe	https://loinc.org/38150-9/	LOINC 38150-9 — XR Toe fourth - right Views
CT head without and with contrast	https://loinc.org/24726-2/	LOINC 24726-2 — CT Head WO and W contrast IV
Angio endovenous filter removal	https://loinc.org/87093-1/	LOINC 87093-1 — Guidance for removal of venous filter from ...
Angio Biopsy / Kidney Cytology	https://loinc.org/42279-0/	LOINC 42279-0 — CT Guidance for biopsy of Kidney
Polytrauma CT	https://loinc.org/	LOINC: Home
First right toe	https://loinc.org/	LOINC: Home
MRI abdomen without and with contrast	https://loinc.org/30668-8/	LOINC 30668-8 — MR Abdomen WO contrast
Single contrast barite meal	https://loinc.org/	LOINC: Home
Limited abdomen echo	https://loinc.org/30704-1/	LOINC 30704-1 — US Abdomen limited
Esophagus (gorgee barytee)	https://loinc.org/	LOINC: Home
Angio-drainage of ascites	https://loinc.org/	LOINC: Home
Right hand and wrist	https://loinc.org/51388-7/	LOINC 51388-7 — XR Wrist - right and Hand - right Views
Angio Biopsy / hepatic cytology	https://loinc.org/24816-1/	LOINC 24816-1 — US Guidance for biopsy of Liver
MRI sella turcica without and with contrast	https://loinc.org/42392-1/	LOINC 42392-1 — MR Brain and Pituitary and Sella turcica ...
Echo testicles - (always both testicles)	https://loinc.org/26271-7/	LOINC 26271-7 — US Scrotum and Testicle - bilateral
Fistulography	https://loinc.org/	LOINC: Home
Right ankle	https://loinc.org/51394-5/	LOINC 51394-5 — XR Ankle and Foot - right Views
Echo Biopsy trocar additional site same side	https://loinc.org/	LOINC: Home
CT angio other region	https://loinc.org/87847-0/	LOINC 87847-0 — CT Chest WO and CT angiogram Coronary ...
Left leg	https://loinc.org/LL1566-0/	LOINC LL1566-0 — PhenX13_43_body part / Left arm or ...
Echo eval. growth retardation -2 fetus 25 weeks and +	https://aspe.hhs.gov/transcript-july-24-2002-ncvhs-workgroup-national-health-infomration-infrastructure	Transcript of the July 24, 2002 NCVHS Workgroup on National ...
Echo biopsy breast (trocar) subsequent sites	https://loinc.org/37912-3/	LOINC 37912-3 — US Guidance for biopsy of Breast - bilateral
Additional unilat DX	https://loinc.org/	LOINC: Home
Right and left breast echo and trocat biopsies	https://loinc.org/18726-0/	LOINC 18726-0 — Radiology studies (set)
MRI left lower limb without contrast	https://loinc.org/44128-7/	LOINC 44128-7 — MRA Lower extremity vessels WO and W ...
MRI orbits without and with contrast	https://loinc.org/24851-8/	LOINC 24851-8 — MR Orbit - bilateral WO and W contrast IV
MRI left shoulder without contrast	https://loinc.org/38834-8/	LOINC 38834-8 — MR Shoulder - left WO contrast
CT cyst or thoracic abscess drainage	https://loinc.org/75752-6/	LOINC 75752-6 — CT Guidance for drainage of abscess and ...
Pelvic CT scan with contrast	https://loinc.org/24866-6/	LOINC 24866-6 — CT Pelvis W contrast IV
Bilateral tomosynthesis with tomo	https://loinc.org/72142-3/	LOINC 72142-3 — DBT Breast - bilateral screening
Bilateral tomosynthesis PQDCS (50-69) with tomo	https://loinc.org/72142-3/	LOINC 72142-3 — DBT Breast - bilateral screening
Echo obst. 13 weeks and more - 2 fetuses	https://loinc.org/LL1236-0/	LOINC LL1236-0 — PhenX10_47_this pregnancy outcome ...
Right foot with weight bearing - add mod 06-11	https://loinc.org/	LOINC: Home
CT of temporomaxillary joints	https://loinc.org/37267-2/	LOINC 37267-2 — CT Temporomandibular joint WO and W ...
MRI cholangiography with contrast	https://loinc.org/72248-8/	LOINC 72248-8 — MRCP Abdomen WO and W contrast IV
MRI col. cervical and dorsal without contrast	https://loinc.org/18726-0/	LOINC 18726-0 — Radiology studies (set)
Coccyx	https://loinc.org/LP29911-2/	LOINC LP29911-2 — Coccyx
Angio other drainage	https://loinc.org/	LOINC: Home
Pancreatography	https://loinc.org/	LOINC: Home
Thyroid echo + biopsy	https://loinc.org/25009-2/	LOINC 25009-2 — US Guidance for biopsy of Thyroid gland
Angio arterial closure (angio-seal)	https://www.terumois.com/products/closure/angio-seal-vascular-closure-devices/angio-seal.html	ANGIO-SEAL® VIP Vascular Closure Device
Scopy Lumbar puncture	https://loinc.org/get-started/loinc-term-basics/	LOINC Term Basics – LOINC
Facial mass 3 incidences or less	https://loinc.org/	LOINC: Home
Right hip	https://loinc.org/	LOINC: Home
Echo setting up harpoon right breast	https://loinc.org/81163-8/	LOINC 81163-8 — US Guidance for needle localization Breast ...
Right wrist	https://loinc.org/26171-9/	LOINC 26171-9 — XR Wrist - right Views
Percutaneous transhepatic angio cholangio	https://en.wikipedia.org/wiki/Percutaneous_transhepatic_cholangiography	Percutaneous transhepatic cholangiography - Wikipedia
Echo face and / or neck	https://loinc.org/	LOINC: Home
Angio drainage cyst or thoracic abscess	https://loinc.org/89719-9/	LOINC 89719-9 — CT Guidance for drainage of abscess and ...
Bilateral lower limb CT	https://loinc.org/89925-2/	LOINC 89925-2 — CT Pelvis and Lower extremity - bilateral ...
Massive facial CT without contrast	https://loinc.org/30801-5/	LOINC 30801-5 — CT Maxillofacial region W contrast IV
Bilateral ureteral dilatation / inst. double J (SOP)	https://loinc.org/	LOINC: Home
Acromioclavicular joints	https://loinc.org/LG38174-5/	LOINC LG38174-5 — XR|Acromioclavicular joint|Views^WO ...
Cervical spine 4 or more views	https://loinc.org/83023-2/	LOINC 83023-2 — XR Cervical spine 4 or 5 Views
Lower jaw	https://loinc.org/32915-1/	[Length] {Tooth}.{probe site}.{surface}+ - LOINC
Uretrography or retrograde cystography (SOP)	https://loinc.org/	LOINC: Home
MRI head with contrast	https://loinc.org/24587-8/	LOINC 24587-8 — MR Brain WO and W contrast IV
L breast enlargement by mass PQDCS	https://loinc.org/85319-2/	LOINC 85319-2 — HER2 [Presence] in Breast cancer ...
Lumbar spine 5 or more incidences	https://loinc.org/30797-5/	LOINC 30797-5 — XR Lumbar spine 5 Views
Thorax-abdomen-pelvic CT scan without and with contrast	https://loinc.org/79098-0/	LOINC 79098-0 — CT Chest and Abdomen and Pelvis 3D ...
Left index finger -2nd finger	https://loinc.org/60693-9/	LOINC 60693-9 — Individual left finger movement [TIMP]
Arthro and other joint infiltration	https://loinc.org/	LOINC: Home
Thorax - abdomen - pelvic CT scan with contrast	https://loinc.org/72253-8/	LOINC 72253-8 — CT Chest and Abdomen and Pelvis WO ...
Left hand and wrist	https://loinc.org/51392-9/	LOINC 51392-9 — XR Wrist - left and Hand - left Views
CT scan	https://loinc.org/24725-4/	LOINC 24725-4 — CT Head
Basin -3 incidences or more	https://www.bartoc.org/es/browse?shs_term_node_tid_depth=All&shs_term_node_tid_depth_1=All&shs_term_node_tid_depth_2=10746&shs_term_node_tid_depth_3=All&shs_term_node_tid_depth_4=All&field_format_tid=All&page=110	Basel Register of Thesauri, Ontologies & Classifications - BARTOC.org
Right clavicle	https://loinc.org/	LOINC: Home
Angio verification catheter position not vasc.	https://loinc.org/78949-5/	LOINC 78949-5 — Catheterization and angiography ...
Coral stone extraction (and dilation)	https://loinc.org/prerelease/	LOINC Prerelease Terms – LOINC
CT abdomen and pelvic without contrast	https://loinc.org/36952-0/	LOINC 36952-0 — CT Abdomen and Pelvis WO contrast
Left little finger -5th finger	https://loinc.org/LP7398-3/	LOINC LP7398-3 — Little finger arteries Left
CT cervical spine without contrast	https://loinc.org/30592-0/	LOINC 30592-0 — CT Cervical spine WO contrast
Echo Biopsy / Ganglion cytology	https://loinc.org/	LOINC: Home
Left ring finger - 4th finger	https://loinc.org/	LOINC: Home
Angio exerese cath. non-vascular (drains)	https://loinc.org/	LOINC: Home
Presence sop without fluoroscopy without image	https://loinc.org/fhir/	LOINC FHIR Terminology Server – LOINC
Radiofrequency thermoablation - 1st target	https://loinc.org/	LOINC: Home
Additional bilateral DX	https://loinc.org/	LOINC: Home
MRI art. sacroiliac without contrast	https://loinc.org/36376-2/	LOINC 36376-2 — MR Sacroiliac Joint WO and W contrast IV
Left mammogram (localized) by diagnostic mass	https://loinc.org/LG41854-7/	LOINC LG41854-7 — Region imaged: Breast
Doppler gate system	https://loinc.org/30881-7/	LOINC 30881-7 — US.doppler Lower extremity vein
Angio Joint puncture or bursa	https://loinc.org/	LOINC: Home
Left upper limb surface echo	https://loinc.org/39500-4/	LOINC 39500-4 — US.doppler Upper extremity artery - left
Arthro left shoulder	https://loinc.org/36130-3/	LOINC 36130-3 — MR Shoulder - left Arthrogram
Abdomen multiple incidences	https://loinc.org/30704-1/	LOINC 30704-1 — US Abdomen limited
Basin - pre-op assessment	https://loinc.org/34876-3/	LOINC 34876-3 — Surgery Preoperative evaluation and ...
Cardiac echo	https://loinc.org/59282-4/	LOINC 59282-4 — Stress cardiac echo study report
Echo Joint puncture	https://loinc.org/	LOINC: Home
Right hand	https://loinc.org/	LOINC: Home
Cine deglutition with another professional	https://loinc.org/72227-2/	LOINC 72227-2 — Surgical operation note - recommended C ...
Chest CT without contrast (including adrenals)	https://loinc.org/29252-4/	LOINC 29252-4 — CT Chest WO contrast
Head CT with contrast	https://loinc.org/30799-1/	LOINC 30799-1 — CT Head WO contrast
Manipulation of column images 1 quarter hour C +	https://loinc.org/	LOINC: Home
Import CD external images	https://loinc.org/kb/license/	Knowledge Base – LOINC
Right thumb -1st finger	https://loinc.org/65695-9/	LOINC 65695-9 — Finger taps - right [UPDRS]
MRI right shoulder without contrast	https://loinc.org/36528-8/	LOINC 36528-8 — MR Shoulder - right WO contrast
Left collarbone	https://loinc.org/82682-6/	LOINC 82682-6 — CT Clavicle - left WO contrast
Arthro and sacroiliac infiltration under fluoroscopy	https://loinc.org/	LOINC: Home
Pyelic stone extraction (and dilation)	https://loinc.org/	LOINC: Home
Echo obst. 13 and over. 1 fetus + endo	https://www.renown.org/wp-content/uploads/Pricing-Transparency-Final-PDF-Version-12.31.18.pdf	Description CPT(R)/HCPCS Billing Code Charge Effective 01 ...
Complete column	https://loinc.org/get-started/loinc-term-basics/	LOINC Term Basics – LOINC
Angio Biopsy / Thoracic cytology	https://loinc.org/35906-7/	LOINC 35906-7 — CT Guidance for biopsy of Thoracic spine
Lime breakage extraction	https://loinc.org/	LOINC: Home
CT dorsal spine without contrast	https://loinc.org/44113-9/	LOINC 44113-9 — CT Thoracic spine WO and W contrast IT
Extraction (and dilation) lumbar ureter calculus	https://loinc.org/	LOINC: Home
Verification of the venous catheter position inj. cont.	https://loinc.org/	LOINC: Home
Left foot and / or heel	https://loinc.org/	LOINC: Home
Massive facial CT with contrast	https://loinc.org/30801-5/	LOINC 30801-5 — CT Maxillofacial region W contrast IV
CT left lower limb without contrast	https://loinc.org/36452-1/	LOINC 36452-1 — CT Lower extremity - left WO contrast
Fine needle fine needle D fine needle needle echo (per mass)	https://loinc.org/44160-0/	LOINC 44160-0 — US Guidance for fine needle aspiration of ...
Renal doppler and / or renal graft	https://loinc.org/80863-4/	LOINC 80863-4 — US.doppler for transplanted kidney
Inst. or change perm catheter. tunnel	https://loinc.org/	LOINC: Home
Abdominal echo + various surface	https://loinc.org/	LOINC: Home
Angioplasty alone on the same vessel	https://loinc.org/	LOINC: Home
Bilateral breast tomosynthesis (compl. Exam)	https://loinc.org/72142-3/	LOINC 72142-3 — DBT Breast - bilateral screening
CT Biopsy / vertebral cytology	https://loinc.org/88316-5/	LOINC 88316-5 — CT Guidance for biopsy of Spinal cord
Echo drainage cyst / limb abscess	https://loinc.org/	LOINC: Home
Angio drainage cyst or abscess mediastinum	https://loinc.org/	LOINC: Home
Dental panoramic	https://loinc.org/24828-6/	LOINC 24828-6 — XR tomography Mandible Panoramic
Breast tomography	https://loinc.org/72142-3/	LOINC 72142-3 — DBT Breast - bilateral screening
Pelvic echo + various surface	https://loinc.org/	LOINC: Home
Scoliotic series 2 incidences or less	https://loinc.org/	LOINC: Home
Left shoulder blade	https://loinc.org/LP7584-8/	LOINC LP7584-8 — Shoulder
Phlebography	https://loinc.org/	LOINC: Home
Echo abd. and pelv. external	https://loinc.org/	LOINC: Home
Echo obst. limited (fetal age, loc. placenta ...)	https://loinc.org/18185-9/	LOINC 18185-9 — Gestational age
Pelvic CT without contrast	https://loinc.org/36952-0/	LOINC 36952-0 — CT Abdomen and Pelvis WO contrast
Transesophageal ultrasound doppler	https://loinc.org/30881-7/	LOINC 30881-7 — US.doppler Lower extremity vein
Peripheral venous doppler / lower limb	https://loinc.org/30881-7/	LOINC 30881-7 — US.doppler Lower extremity vein
Left hand	https://loinc.org/	LOINC: Home
MRI cholangiography without contrast	https://loinc.org/72248-8/	LOINC 72248-8 — MRCP Abdomen WO and W contrast IV
Foraminal block two or more roots	https://loinc.org/	LOINC: Home
Peripheral venous doppler of a single upper limb.	https://loinc.org/30882-5/	LOINC 30882-5 — US.doppler Upper extremity vein
Angio Pleural puncture	https://loinc.org/LG41847-1/	LOINC LG41847-1 — Region imaged: Chest
Scoliotic series 3 or more incidences	https://loinc.org/30717-3/	LOINC 30717-3 — XR Thoracic and lumbar spine Views for ...
CT Biopsy / thoracic cytology	https://loinc.org/35906-7/	LOINC 35906-7 — CT Guidance for biopsy of Thoracic spine
MRI col. dorsal without and with contrast	https://loinc.org/24587-8/	LOINC 24587-8 — MR Brain WO and W contrast IV
Lumbar spine CT without contrast	https://loinc.org/79081-6/	LOINC 79081-6 — CT Lumbar spine by reconstruction WO ...
Right and left breast echo (incl. Armpits)	https://loinc.org/42174-3/	LOINC 42174-3 — FFD mammogram Breast - bilateral ...
Left hip	https://loinc.org/36704-5/	LOINC 36704-5 — XR Hip - left AP and Lateral
Comments: @ CT ANGIO THORACIC ABDOMINAL PELVIC C +	https://loinc.org/83299-8/	LOINC 83299-8 — CT Chest and Abdomen and Pelvis WO ...
Left wrist	https://loinc.org/37464-5/	LOINC 37464-5 — MR Wrist - left WO contrast
Angio Biopsy / cytology abdomen	https://loinc.org/30602-7/	LOINC 30602-7 — CT Guidance for fine needle aspiration of ...
Angio biliary catheter replacement	https://loinc.org/36770-6/	LOINC 36770-6 — CT Guidance for drainage and placement ...
inj. medic. capsule / sheath / tendon / fascia m. inf	https://loinc.org/	LOINC: Home
Revision of films following the mammogram	https://loinc.org/42174-3/	LOINC 42174-3 — FFD mammogram Breast - bilateral ...
Limited abdominal echo	https://loinc.org/30704-1/	LOINC 30704-1 — US Abdomen limited
Renal Doppler (uni or bilateral)	https://loinc.org/86414-0/	LOINC 86414-0 — RFA Renal arteries - unilateral Views W ...
CT sacrum without contrast	https://loinc.org/82696-6/	LOINC 82696-6 — CT Spine Lumbar and Sacrum W contrast IV
Cervical spine 3 incisions or less	https://loinc.org/43539-6/	LOINC 43539-6 — XR Cervical spine 2 or 3 Views
MRI Angio neck without contrast (1 manip.)	https://loinc.org/36549-4/	LOINC 36549-4 — MRA Neck vessels WO contrast
Carotid Doppler	https://loinc.org/43765-7/	LOINC 43765-7 — US.doppler Carotid arteries - bilateral
MRI upper right limb without contrast	https://loinc.org/36336-6/	LOINC 36336-6 — CT Upper extremity - right WO and W ...
Right foot and / or heel	https://loinc.org/	LOINC: Home
Portal doppler and / or hepatic graft	https://loinc.org/69284-8/	LOINC 69284-8 — US.doppler Portal vein and Hepatic vein
Surface echo - other region	https://loinc.org/	LOINC: Home
MRI head without contrast	https://loinc.org/82130-6/	LOINC 82130-6 — MR Face and Neck WO contrast
CT ANGIO thorax and abd. with contrast (2 manip.)	https://loinc.org/83299-8/	LOINC 83299-8 — CT Chest and Abdomen and Pelvis WO ...
Thorax scopy	https://loinc.org/	LOINC: Home
Angio inst. Of endovenous filter by catheterism	https://loinc.org/80190-2/	LOINC 80190-2 — Catheterization and angiography ...
Chest CT with contrast (including adrenals)	https://loinc.org/36950-4/	LOINC 36950-4 — CT Adrenal gland WO and W contrast IV
MRI col. dorsal without contrast	https://loinc.org/37994-1/	LOINC 37994-1 — MRA Lumbar spine vessels WO contrast
Bilateral DX complement	https://loinc.org/	LOINC: Home
Crane 3 incidences or less	https://loinc.org/	LOINC: Home
PICC Line installation or change	https://loinc.org/	LOINC: Home
MRI lower right limb without and with contrast	https://loinc.org/36471-1/	LOINC 36471-1 — MR Foot - right WO contrast
Single contrast barite meal + Grele	https://loinc.org/	LOINC: Home
Arthro and right ankle infiltration	https://loinc.org/	LOINC: Home
Bilateral breast tomosynthesis (basic examination)	https://loinc.org/72142-3/	LOINC 72142-3 — DBT Breast - bilateral screening
Single upper limb peripheral arterial doppler.	https://loinc.org/39500-4/	LOINC 39500-4 — US.doppler Upper extremity artery - left
Thorax - abdomen - pelvic CT without contrast	https://loinc.org/79098-0/	LOINC 79098-0 — CT Chest and Abdomen and Pelvis 3D ...
Right middle finger - 3rd finger	https://loinc.org/LP7421-3/	LOINC LP7421-3 — Middle finger arteries Right
Right shoulder	https://loinc.org/37793-7/	LOINC 37793-7 — XR Shoulder - right 2 Views
Upper right member	https://loinc.org/	LOINC: Home
Bilateral lower limb venous doppler	https://loinc.org/39420-5/	LOINC 39420-5 — US.doppler Lower extremity vein - bilateral
CT of the chest and abdomen with contrast	https://loinc.org/42275-8/	LOINC 42275-8 — CT Chest and Abdomen W contrast IV
mri rectum without contrast	https://loinc.org/72531-7/	LOINC 72531-7 — CT Colon and Rectum W contrast IV and W ...
Right mammogram DIAGNOSIS	https://loinc.org/42168-5/	LOINC 42168-5 — FFD mammogram Breast - right Diagnostic
Facet block 1 site	https://loinc.org/	LOINC: Home
Embolization of additional vessels (max. 4)	https://loinc.org/87020-4/	LOINC 87020-4 — Guidance for embolization of Artery
Echo limited examination popliteal fossa, tear	https://loinc.org/	LOINC: Home
Endovaginal echo add to obst echo.	https://loinc.org/59282-4/	LOINC 59282-4 — Stress cardiac echo study report
Arthro and left knee infiltration	https://loinc.org/62900-6/	LOINC 62900-6 — PhenX - arthritis - osteoarthritis protocol ...
Doppler portal and / or liver graft	https://loinc.org/69284-8/	LOINC 69284-8 — US.doppler Portal vein and Hepatic vein
Transvesical pelvic echo	https://loinc.org/42455-6/	LOINC 42455-6 — US Pelvis transabdominal and transvaginal
Abdomen and pelvic CT scan without and with contrast	https://loinc.org/36952-0/	LOINC 36952-0 — CT Abdomen and Pelvis WO contrast
TDM ENTEROSCAN	https://loinc.org/	LOINC: Home
Left hemithorax	https://loinc.org/	LOINC: Home
Left upper limb surface ultrasound	https://loinc.org/39500-4/	LOINC 39500-4 — US.doppler Upper extremity artery - left
Unilateral percutaneous nephrostomy	https://loinc.org/24779-1/	LOINC 24779-1 — RF Guidance for percutaneous placement ...
ATM on the panogram	https://loinc.org/	LOINC: Home
L breast enlargement by diagnostic mass	https://loinc.org/LG41854-7/	LOINC LG41854-7 — Region imaged: Breast
Selective abdominal angio	https://loinc.org/89626-6/	LOINC 89626-6 — CTA Abdominal, Pelvis and Lower ...
MRI neck without contrast	https://loinc.org/82130-6/	LOINC 82130-6 — MR Face and Neck WO contrast
Unilateral breast tomosynthesis (compl. Exam)	https://loinc.org/46356-2/	LOINC 46356-2 — MG Breast - unilateral Screening
Lumbar spine 4 incidences or less	https://loinc.org/	LOINC: Home
MRI lower right limb without contrast	https://loinc.org/36471-1/	LOINC 36471-1 — MR Foot - right WO contrast
Enlargement breast D by mass Diagnosis	https://loinc.org/24605-8/	LOINC 24605-8 — MG Breast Diagnostic
MRI abdomen without contrast	https://loinc.org/30668-8/	LOINC 30668-8 — MR Abdomen WO contrast
Mammo screening 35-49 and 70 years and over	https://loinc.org/	LOINC: Home
MI venous doppler + popliteal fossa	https://loinc.org/30881-7/	LOINC 30881-7 — US.doppler Lower extremity vein
Right humerus	https://loinc.org/37736-6/	LOINC 37736-6 — XR Humerus - right AP and Lateral
CT upper right limb without contrast	https://loinc.org/36336-6/	LOINC 36336-6 — CT Upper extremity - right WO and W ...
CT pelvis without contrast	https://loinc.org/36952-0/	LOINC 36952-0 — CT Abdomen and Pelvis WO contrast
Image manipulation 1 quarter of an hour	https://loinc.org/8648-8/	LOINC 8648-8 — Hospital course Narrative
Left forearm	https://loinc.org/71587-0/	LOINC 71587-0 — IV site NEMSIS
ANGIO CT lower limb 2 manipulations	https://loinc.org/89626-6/	LOINC 89626-6 — CTA Abdominal, Pelvis and Lower ...
Left foot with load bearing - add mod06-11	https://loinc.org/	LOINC: Home
Radiofrequency thermoablation - target supp.	https://loinc.org/	LOINC: Home
CT ANGIO abd. and pelvic with contrast (2 manip)	https://loinc.org/87854-6/	LOINC 87854-6 — CT Abdomen and Pelvis and CT ...
Left breast trocar biopsy echo	https://loinc.org/80844-4/	LOINC 80844-4 — US Guidance for fine needle biopsy of Breast
CT abdomen without and with contrast	https://loinc.org/36424-0/	LOINC 36424-0 — CT Abdomen WO contrast
Nose	https://loinc.org/95406-5/	LOINC 95406-5 — SARS-CoV-2 (COVID-19) RNA [Presence ...
Selective angio by vessel	https://loinc.org/37385-2/	LOINC 37385-2 — RFA Aortic arch and Vertebral artery - left ...
Fifth left toe	https://loinc.org/37530-3/	LOINC 37530-3 — XR Toe fifth - left Views
Selective cerebral angio	https://loinc.org/37385-2/	LOINC 37385-2 — RFA Aortic arch and Vertebral artery - left ...
Facial mass 4 or more incidences	https://loinc.org/	LOINC: Home
Extraction of intravascal foreign bodies. cath. broken	https://loinc.org/	LOINC: Home
Outpatient monitoring procedure	https://loinc.org/	LOINC: Home
Sacroiliac joints	https://loinc.org/37257-3/	LOINC 37257-3 — XR Spine Lumbar and Sacroiliac Joint 3 ...
Echo study biophysical profile only - 1 fetus	https://loinc.org/11630-1/	LOINC 11630-1 — Fetal Biophysical profile.amniotic fluid ...
Right lower limb surface echo	https://loinc.org/	LOINC: Home
Pancreatography	https://loinc.org/	LOINC: Home
Right breast echo (including armpit)	https://loinc.org/46354-7/	LOINC 46354-7 — FFD mammogram Breast - right Screening
Echo prost. transrectal (doppler) and biopsy	https://www.ncbi.nlm.nih.gov/pmc/articles/PMC5580972/	Evaluation of Prostatic Lesions by Transrectal Ultrasound ...
Echo obst. 0 to 12 weeks 2 fetus transv route without CN	https://loinc.org/11804-2/	LOINC 11804-2 — Fetal Right ventricular outflow tract ...
Echo setting up harpoon left breast	https://loinc.org/42169-3/	LOINC 42169-3 — FFD mammogram Breast - left Diagnostic
MRI head + col. cervical without contrast	https://loinc.org/18726-0/	LOINC 18726-0 — Radiology studies (set)
Left mammogram (localized) by mass PQDCS	https://loinc.org/42174-3/	LOINC 42174-3 — FFD mammogram Breast - bilateral ...
Left lower limb surface echo	https://loinc.org/	LOINC: Home
CT head without contrast	https://loinc.org/30799-1/	LOINC 30799-1 — CT Head WO contrast
Echo obst. 0 to 12 weeks 1 fetus without nuchal translucency	https://loinc.org/49086-2/	LOINC 49086-2 — First trimester maternal screen with nuchal ...
Pelvis and sacroiliac joints	https://loinc.org/37257-3/	LOINC 37257-3 — XR Spine Lumbar and Sacroiliac Joint 3 ...
Soft tissue of the neck or cavum	https://loinc.org/80858-4/	LOINC 80858-4 — US Head and neck soft tissue
Sacrum and coccyx	https://loinc.org/44179-0/	LOINC 44179-0 — XR Sacrum and Coccyx 2 Views
Bilateral percutaneous nephrostomy	https://loinc.org/24779-1/	LOINC 24779-1 — RF Guidance for percutaneous placement ...
Upper right limb surface echo	https://loinc.org/	LOINC: Home
CT Other puncture	https://loinc.org/55217-4/	LOINC 55217-4 — Stick or puncture with a needle or other ...
Left humerus	https://loinc.org/69312-7/	LOINC 69312-7 — XR Humerus - left Single view
Single upper limb peripheral venous doppler.	https://loinc.org/30882-5/	LOINC 30882-5 — US.doppler Upper extremity vein
Lungs 3 or more incidences	https://loinc.org/	LOINC: Home
Arthro and right hip infiltration	https://loinc.org/	LOINC: Home
Echo CRID left breast (including armpit)	https://loinc.org/42169-3/	LOINC 42169-3 — FFD mammogram Breast - left Diagnostic
Chest MRI without contrast	https://loinc.org/18726-0/	LOINC 18726-0 — Radiology studies (set)
Arthro and left hip infiltration	https://loinc.org/	LOINC: Home
Echo abd. pelv. + various surfaces	https://loinc.org/	LOINC: Home
Calculation extraction (and expansion)	https://loinc.org/	LOINC: Home
Echo testis - both	https://loinc.org/48742-1/	LOINC 48742-1 — US.doppler Scrotum and testicle
Nephrostomy catheter replacement	https://loinc.org/36769-8/	LOINC 36769-8 — CT Guidance for exchange of nephrostomy ...
MRI pelvis or pelvis without contrate	https://loinc.org/18726-0/	LOINC 18726-0 — Radiology studies (set)
Ascites echo drainage + limited abd echo	https://loinc.org/	LOINC: Home
Image manipulation 2 quarters of an hour	https://hl7.org/fhir/2017Jan/v3/ObservationType/vs.html	ObservationType - FHIR v1.8.0 - HL7.org
Sinus CT without contrast	https://loinc.org/36529-6/	LOINC 36529-6 — CT Sinuses WO contrast
Trans esophageal doppler echo	https://www.ncbi.nlm.nih.gov/pmc/articles/PMC3168342/	Use of transesophageal Doppler as a sole cardiac output ...
Thorax scan with images	https://loinc.org/18726-0/	LOINC 18726-0 — Radiology studies (set)
MRI head + col. cerv. and dorsal without contrast	https://loinc.org/18726-0/	LOINC 18726-0 — Radiology studies (set)
Metastatic or bone series-11 inc. or more	https://loinc.org/	LOINC: Home
CT neck with contrast	https://loinc.org/82804-6/	LOINC 82804-6 — CT Head WO and W contrast IV and CT ...
Right lower limb surface ultrasound	https://loinc.org/18726-0/	LOINC 18726-0 — Radiology studies (set)
Sinus 4 or more incidences	https://loinc.org/	LOINC: Home
Mammo biopsy mammotome left breast	https://loinc.org/26347-5/	LOINC 26347-5 — MG Breast - left Diagnostic
MRI left knee without contrast	https://loinc.org/36508-0/	LOINC 36508-0 — MR Knee - left WO contrast
Echo obst. 0 to 12 weeks 1 foetus route transv without key n	https://loinc.org/89894-0/	LOINC 89894-0 — Neonatal perinatal medicine Telehealth Note
Basin -1 incidence	https://books.google.com/books?id=-j7HBwAAQBAJ&pg=PA266&lpg=PA266&dq=Basin+-1+incidence+site:+https://loinc.org&source=bl&ots=yHTPfX2JZL&sig=ACfU3U2_LNMR7kLWUFfagfj0_uus88pMhQ&hl=en&sa=X&ved=2ahUKEwic8a6El_brAhXlQ98KHQOXAhQQ6AEwAHoECAgQAQ	Concepts and Methods in Infectious Disease Surveillance
Retrograde or antegrade pyelography	https://loinc.org/38105-3/	LOINC 38105-3 — XR Kidney Views W contrast retrograde
Echo drainage of ascites	https://www.ncbi.nlm.nih.gov/pmc/articles/PMC3479885/	PleurX drain use in the management of malignant ascites - NCBI
Echo Pleural puncture	https://loinc.org/34552-0/	LOINC 34552-0 — 2D echocardiogram panel
Supplementary bilateral PQ	https://loinc.org/	LOINC: Home
Chest surface echo	https://loinc.org/34552-0/	LOINC 34552-0 — 2D echocardiogram panel